singe,1122,1698,785,1349,IMG_2857.JPG,3024,4032
singe,681,1970,1400,1154,IMG_2858.JPG,3024,4032
singe,886,1893,595,713,IMG_2859.JPG,3024,4032
singe,1009,3221,831,477,IMG_2860.JPG,3024,4032
singe,902,1749,934,923,IMG_2861.JPG,3024,4032
singe,558,2185,831,872,IMG_2862.JPG,3024,4032
singe,1132,1872,610,918,IMG_2863.JPG,3024,4032
singe,727,3391,1123,641,IMG_2864.JPG,3024,4032
singe,1225,1975,621,764,IMG_2865.JPG,3024,4032
singe,999,2591,718,795,IMG_2866.JPG,3024,4032
singe,1122,2185,898,790,IMG_2867.JPG,3024,4032
singe,671,2267,1205,903,IMG_2868.JPG,3024,4032
singe,655,2170,1565,775,IMG_2869.JPG,3024,4032
singe,866,2380,831,354,IMG_2870.JPG,3024,4032
singe,799,2462,1518,431,IMG_2871.JPG,3024,4032
singe,322,2406,1344,374,IMG_2872.JPG,3024,4032
singe,958,1462,1016,1298,IMG_2873.JPG,3024,4032
singe,250,1965,1898,1231,IMG_2874.JPG,3024,4032
singe,871,2206,1600,693,IMG_2875.JPG,3024,4032
singe,250,3145,1108,867,IMG_2876.JPG,3024,4032
singe,1415,2975,492,713,IMG_2877.JPG,3024,4032
singe,1061,2298,908,718,IMG_2878.JPG,3024,4032
singe,1276,2237,821,934,IMG_2879.JPG,3024,4032
singe,984,1939,1406,939,IMG_2880.JPG,3024,4032
singe,989,2211,918,739,IMG_2881.JPG,3024,4032
singe,147,2709,1021,636,IMG_2882.JPG,3024,4032
singe,1122,2965,821,841,IMG_2883.JPG,3024,4032
singe,1512,3124,1052,908,IMG_2884.JPG,3024,4032
singe,1245,2667,975,1211,IMG_2886.JPG,3024,4032
singe,850,1177,869,654,IMG_2888.JPG,4032,3024
singe,1179,2442,882,734,IMG_2889.JPG,3024,4032
singe,973,2673,913,887,IMG_2890.JPG,3024,4032
singe,399,2119,1072,693,IMG_2891.JPG,3024,4032
singe,414,2380,1200,872,IMG_2892.JPG,3024,4032
singe,896,2170,995,1098,IMG_2893.JPG,3024,4032
singe,204,3365,1072,641,IMG_2894.JPG,3024,4032
singe,1055,3155,600,544,IMG_2895.JPG,3024,4032
singe,794,3293,1293,723,IMG_2896.JPG,3024,4032
singe,650,3093,1139,811,IMG_2897.JPG,3024,4032
singe,1014,2616,1200,646,IMG_2898.JPG,3024,4032