<annotation>
	<folder>my-project-name</folder>
	<filename>IMG_2877.JPG</filename>
	<path>/my-project-name/IMG_2877.JPG</path>
	<source>
		<database>Unspecified</database>
	</source>
	<size>
		<width>3024</width>
		<height>4032</height>
		<depth>3</depth>
	</size>
	<object>
		<name>singe</name>
		<pose>Unspecified</pose>
		<truncated>Unspecified</truncated>
		<difficult>Unspecified</difficult>
		<bndbox>
			<xmin>1415</xmin>
			<ymin>2975</ymin>
			<xmax>1907</xmax>
			<ymax>3688</ymax>
		</bndbox>
	</object>
</annotation>