<annotation>
	<folder>my-project-name</folder>
	<filename>IMG_2884.JPG</filename>
	<path>/my-project-name/IMG_2884.JPG</path>
	<source>
		<database>Unspecified</database>
	</source>
	<size>
		<width>3024</width>
		<height>4032</height>
		<depth>3</depth>
	</size>
	<object>
		<name>singe</name>
		<pose>Unspecified</pose>
		<truncated>Unspecified</truncated>
		<difficult>Unspecified</difficult>
		<bndbox>
			<xmin>1512</xmin>
			<ymin>3124</ymin>
			<xmax>2564</xmax>
			<ymax>4032</ymax>
		</bndbox>
	</object>
</annotation>