<annotation>
	<folder>my-project-name</folder>
	<filename>IMG_2888.JPG</filename>
	<path>/my-project-name/IMG_2888.JPG</path>
	<source>
		<database>Unspecified</database>
	</source>
	<size>
		<width>4032</width>
		<height>3024</height>
		<depth>3</depth>
	</size>
	<object>
		<name>singe</name>
		<pose>Unspecified</pose>
		<truncated>Unspecified</truncated>
		<difficult>Unspecified</difficult>
		<bndbox>
			<xmin>850</xmin>
			<ymin>1177</ymin>
			<xmax>1720</xmax>
			<ymax>1831</ymax>
		</bndbox>
	</object>
</annotation>